id,first_name,last_name,email,gender,ip_address
1,Jerri,Rubertis,jrubertis0@nytimes.com,Male,206.67.100.126
2,Lief,Gepson,lgepson1@amazon.com,Male,235.91.3.49
3,Viki,Van Halle,vvanhalle2@quantcast.com,Female,53.76.94.126
4,Maribelle,Dubose,mdubose3@ftc.gov,Female,107.46.58.239
5,Vivian,Klarzynski,vklarzynski4@mtv.com,Agender,7.247.165.222
6,Helyn,Bedome,hbedome5@slashdot.org,Genderqueer,24.241.90.151
7,Lyndsay,Sidney,lsidney6@technorati.com,Female,54.172.132.20
8,Emmye,Poluzzi,epoluzzi7@exblog.jp,Female,83.213.206.127
9,Barn,Fitzsymons,bfitzsymons8@pen.io,Male,117.249.1.245
10,Adelheid,Muggleston,amuggleston9@livejournal.com,Female,91.155.84.10
11,Michaela,Ginnety,mginnetya@hibu.com,Female,133.37.210.248
12,Cornelle,Sebright,csebrightb@163.com,Female,211.56.80.170
13,Ivor,Corneljes,icorneljesc@bravesites.com,Male,9.189.239.186
14,Baxter,Pitway,bpitwayd@1688.com,Male,83.147.91.52
15,Poul,Scullard,pscullarde@globo.com,Male,1.139.200.221
16,Shaughn,Keats,skeatsf@sina.com.cn,Male,235.121.154.64
17,Slade,Sams,ssamsg@ucoz.com,Male,157.180.106.51
18,Tarrance,Veness,tvenessh@printfriendly.com,Male,254.34.206.118
19,Brandea,Van Brug,bvanbrugi@opera.com,Female,14.64.109.94
20,Cloris,Godney,cgodneyj@statcounter.com,Female,122.160.195.216
21,Steffie,Wauchope,swauchopek@dailymail.co.uk,Female,135.130.115.241
22,Merrile,Clardge,mclardgel@bandcamp.com,Polygender,143.45.89.231
23,Bernadene,Greengrass,bgreengrassm@uol.com.br,Female,247.180.15.83
24,Zola,Bottrell,zbottrelln@examiner.com,Genderqueer,33.217.194.109
25,Gareth,Tithacott,gtithacotto@stumbleupon.com,Male,10.19.51.89
26,Lynelle,Coughtrey,lcoughtreyp@github.io,Female,215.244.130.30
27,Myrtice,Morstatt,mmorstattq@ihg.com,Female,128.237.222.72
28,Rianon,Munby,rmunbyr@etsy.com,Female,112.105.21.17
29,Boris,Belasco,bbelascos@edublogs.org,Polygender,103.250.113.52
30,Melvin,Karolovsky,mkarolovskyt@nbcnews.com,Male,33.128.245.5
31,Robbi,Jonson,rjonsonu@vimeo.com,Female,91.166.25.113
32,Kip,Jurisch,kjurischv@nhs.uk,Male,179.88.90.140
33,Dottie,Avent,daventw@hostgator.com,Polygender,131.106.187.202
34,Sharity,Callam,scallamx@nymag.com,Female,100.233.45.86
35,Alain,Bridgewater,abridgewatery@cam.ac.uk,Male,252.30.47.155
36,Jo-anne,Gain,jgainz@nationalgeographic.com,Female,218.156.215.107
37,Jud,Merwe,jmerwe10@cloudflare.com,Male,39.14.151.221
38,Tristam,Sperrett,tsperrett11@un.org,Male,171.139.107.86
39,Othello,Clamp,oclamp12@ustream.tv,Male,72.228.190.110
40,Claudine,Kendrew,ckendrew13@cam.ac.uk,Female,6.207.252.166
41,Daloris,Keach,dkeach14@seattletimes.com,Female,110.87.57.12
42,Dodie,Dewes,ddewes15@auda.org.au,Female,185.121.175.96
43,Cathi,Priter,cpriter16@usa.gov,Female,108.94.129.200
44,Hyacinthia,Pinnigar,hpinnigar17@photobucket.com,Female,70.243.80.195
45,Yankee,Dietzler,ydietzler18@wordpress.org,Male,117.39.131.206
46,Dwight,Toynbee,dtoynbee19@mysql.com,Male,75.76.253.164
47,Deirdre,Penhearow,dpenhearow1a@patch.com,Female,13.91.237.4
48,Danya,Burr,dburr1b@ftc.gov,Female,28.212.181.231
49,Henka,Gallyon,hgallyon1c@harvard.edu,Female,56.11.89.202
50,Carlynne,O' Reagan,coreagan1d@hp.com,Female,246.135.11.252
51,Rafe,Morfell,rmorfell1e@nasa.gov,Male,74.7.76.86
52,Smith,Luggar,sluggar1f@fc2.com,Male,203.216.122.111
53,Rosalinda,Waghorne,rwaghorne1g@toplist.cz,Female,196.231.55.154
54,Arni,Mullen,amullen1h@chron.com,Male,222.174.117.29
55,Gunner,Krugmann,gkrugmann1i@google.pl,Male,141.104.20.166
56,Glen,Rose,grose1j@godaddy.com,Male,176.25.86.10
57,Roby,Doutch,rdoutch1k@hc360.com,Female,149.20.96.154
58,Alverta,Benjefield,abenjefield1l@is.gd,Female,23.155.229.102
59,Huntington,Sowray,hsowray1m@zimbio.com,Male,211.205.209.30
60,Kimberli,Polendine,kpolendine1n@virginia.edu,Female,37.67.184.179
61,Randall,Pyatt,rpyatt1o@is.gd,Genderqueer,179.113.117.247
62,Leonora,Casbon,lcasbon1p@cloudflare.com,Female,145.191.93.130
63,Far,Queyeiro,fqueyeiro1q@answers.com,Male,132.33.160.148
64,Lonee,Landall,llandall1r@bandcamp.com,Female,213.237.25.77
65,Jarid,Scotchmur,jscotchmur1s@howstuffworks.com,Male,192.203.82.179
66,Cindra,Lambertz,clambertz1t@mtv.com,Female,124.134.24.138
67,Emmeline,Castro,ecastro1u@acquirethisname.com,Female,220.101.230.114
68,Dominick,Vanyushin,dvanyushin1v@utexas.edu,Male,71.10.202.104
69,Berk,Machin,bmachin1w@123-reg.co.uk,Male,224.14.202.57
70,Karlik,Schuricke,kschuricke1x@yellowbook.com,Male,86.190.121.246
71,Bennie,Fearfull,bfearfull1y@goo.gl,Female,198.54.109.239
72,Kalie,Diego,kdiego1z@about.me,Non-binary,151.113.104.18
73,Hart,Yu,hyu20@surveymonkey.com,Male,13.208.80.92
74,Lynda,Newdick,lnewdick21@weebly.com,Female,219.115.85.175
75,Boyce,Serraillier,bserraillier22@yale.edu,Male,7.68.35.84
76,Lucille,O' Markey,lomarkey23@soup.io,Female,158.182.181.66
77,Hewet,Rochell,hrochell24@webeden.co.uk,Male,89.187.202.252
78,Warde,Kubik,wkubik25@dropbox.com,Polygender,123.11.212.126
79,Magdalena,Twitchings,mtwitchings26@hp.com,Female,213.58.122.140
80,Gordy,Motton,gmotton27@latimes.com,Male,170.179.61.154
81,Tuesday,Ashington,tashington28@irs.gov,Female,244.196.252.170
82,Niels,Tetsall,ntetsall29@technorati.com,Male,253.130.3.124
83,Vonny,Tommis,vtommis2a@goo.gl,Female,164.218.136.14
84,Poppy,Risso,prisso2b@cafepress.com,Female,160.244.242.183
85,Chelsea,Bowring,cbowring2c@cpanel.net,Female,141.66.138.122
86,Bruce,McGonigle,bmcgonigle2d@exblog.jp,Male,61.216.156.195
87,Kesley,Dooler,kdooler2e@java.com,Female,112.25.203.56
88,Courtney,Gritten,cgritten2f@etsy.com,Female,87.102.45.63
89,Terrie,Wellsman,twellsman2g@comcast.net,Bigender,157.54.163.93
90,Suzette,Ettels,settels2h@booking.com,Female,209.41.221.197
91,Rodrique,Timmons,rtimmons2i@blogtalkradio.com,Male,226.15.146.59
92,Sydel,Meys,smeys2j@friendfeed.com,Female,109.248.25.94
93,Mehetabel,Aikett,maikett2k@moonfruit.com,Female,15.157.84.200
94,Elly,O'Flaverty,eoflaverty2l@techcrunch.com,Female,217.171.174.115
95,Donall,Semkins,dsemkins2m@ucsd.edu,Male,225.143.101.195
96,Roobbie,Clutten,rclutten2n@dion.ne.jp,Female,134.167.177.250
97,Angeline,Garlee,agarlee2o@tamu.edu,Female,73.49.101.29
98,Sibley,Andrieu,sandrieu2p@noaa.gov,Female,86.205.177.108
99,Kalie,Iacomo,kiacomo2q@slideshare.net,Female,30.20.235.129
100,Fania,Beccero,fbeccero2r@nationalgeographic.com,Female,44.70.17.132
